Workbook

Sheet MaVanDon
A1: Mã vận đơn | B1: Khu vực | C1: Khối lượng (kg) | D1: Giá cước | E1: Trạng thái
A2: FM00001 | B2: Nội thành | C2: 0.5 | D2: =IFERROR(VLOOKUP(B2,GiaCuoc!$A$2:$B$4,2,FALSE),"Không tìm thấy giá cước") | E2: Chờ giao
A3: FM00002 | B3: Ngoại thành | C3: 1 | D3: =IFERROR(VLOOKUP(B3,GiaCuoc!$A$2:$B$4,2,FALSE),"Không tìm thấy giá cước") | E3: Chờ giao
A4: FM00003 | B4: Liên tỉnh | C4: 1.5 | D4: =IFERROR(VLOOKUP(B4,GiaCuoc!$A$2:$B$4,2,FALSE),"Không tìm thấy giá cước") | E4: Chờ giao
A5: FM00004 | B5: Nội thành | C5: 2 | D5: =IFERROR(VLOOKUP(B5,GiaCuoc!$A$2:$B$4,2,FALSE),"Không tìm thấy giá cước") | E5: Chờ giao
A6: FM00005 | B6: Ngoại thành | C6: 2.5 | D6: =IFERROR(VLOOKUP(B6,GiaCuoc!$A$2:$B$4,2,FALSE),"Không tìm thấy giá cước") | E6: Chờ giao
A7: FM00006 | B7: Liên tỉnh | C7: 3 | D7: =IFERROR(VLOOKUP(B7,GiaCuoc!$A$2:$B$4,2,FALSE),"Không tìm thấy giá cước") | E7: Chờ giao
A8: FM00007 | B8: Nội thành | C8: 3.5 | D8: =IFERROR(VLOOKUP(B8,GiaCuoc!$A$2:$B$4,2,FALSE),"Không tìm thấy giá cước") | E8: Chờ giao
A9: FM00008 | B9: Ngoại thành | C9: 4 | D9: =IFERROR(VLOOKUP(B9,GiaCuoc!$A$2:$B$4,2,FALSE),"Không tìm thấy giá cước") | E9: Chờ giao
A10: FM00009 | B10: Liên tỉnh | C10: 0.5 | D10: =IFERROR(VLOOKUP(B10,GiaCuoc!$A$2:$B$4,2,FALSE),"Không tìm thấy giá cước") | E10: Chờ giao
A11: FM00010 | B11: Nội thành | C11: 1 | D11: =IFERROR(VLOOKUP(B11,GiaCuoc!$A$2:$B$4,2,FALSE),"Không tìm thấy giá cước") | E11: Chờ giao
A12: FM00011 | B12: Ngoại thành | C12: 1.5 | D12: =IFERROR(VLOOKUP(B12,GiaCuoc!$A$2:$B$4,2,FALSE),"Không tìm thấy giá cước") | E12: Chờ giao
A13: FM00012 | B13: Liên tỉnh | C13: 2 | D13: =IFERROR(VLOOKUP(B13,GiaCuoc!$A$2:$B$4,2,FALSE),"Không tìm thấy giá cước") | E13: Chờ giao
... A501: FM00500 | B501: Ngoại thành | C501: 2 | D501: =IFERROR(VLOOKUP(B501,GiaCuoc!$A$2:$B$4,2,FALSE),"Không tìm thấy giá cước") | E501: Chờ giao

Sheet GiaCuoc
A1: Khu vực | B1: Giá cước cơ bản (VNĐ) | D1: Ghi chú
A2: Nội thành | B2: 20000 | D2: Dữ liệu minh họa để thực hành; thay bằng bảng giá thực tế của FastMove.
A3: Ngoại thành | B3: 30000
A4: Liên tỉnh | B4: 45000
